INSERT INTO customers_customer (firstname, lastname, email, phone, birthdate) VALUES
('João', 'Silva', 'joao@gmail.com', 51980000111, '19900515'),
('Maria', 'Santos', 'maria@outlook.com', 51980000222, '19850822'),
('Pedro', 'Ferreira', 'pedro@gmail.com', 51980000333, '19931210'),
('Ana', 'Oliveira', 'ana@outlook.com', 51980000444, '19820405'),
('Carlos', 'Rodrigues', 'carlos@gmail.com', 51980000555, '19980717'),
('Julia', 'Martins', 'julia@outlook.com', 51980000666, '19951030'),
('Luiz', 'Almeida', 'luiz@gmail.com', 51980000777, '19890325'),
('Fernanda', 'Gomes', 'fernanda@outlook.com', 51980000888, '19870612'),
('Rafael', 'Ramos', 'rafael@gmail.com', 51980000999, '19910928'),
('Mariana', 'Costa', 'mariana@outlook.com', 51980001010, '19841103'),
('Alice', 'Pereira', 'alice@gmail.com', 51980001111, '19920218'),
('Gabriel', 'Lima', 'gabriel@outlook.com', 51980001212, '19940607'),
('Isabela', 'Cunha', 'isabela@gmail.com', 51980001313, '19860914'),
('Fábio', 'Mendes', 'fabio@outlook.com', 51980001414, '19971221'),
('Larissa', 'Barbosa', 'larissa@gmail.com', 51980001515, '19830326'),
('Lucas', 'Rocha', 'lucas@outlook.com', 51980001616, '19960502'),
('Giovanna', 'Cardoso', 'giovanna@gmail.com', 51980001717, '19880809'),
('Matheus', 'Nascimento', 'matheus@outlook.com', 51980001818, '19991116'),
('Amanda', 'Martinez', 'amanda@gmail.com', 51980001919, '19810123'),
('Diego', 'Fernandes', 'diego@outlook.com', 51980002020, '19900430'),
('Camila', 'Oliveira', 'camila@gmail.com', 51980002121, '19840706'),
('Raul', 'Sousa', 'raul@outlook.com', 51980002222, '19931013'),
('Bianca', 'Melo', 'bianca@gmail.com', 51980002323, '19871220'),
('Hugo', 'Dias', 'hugo@outlook.com', 51980002424, '19950226'),
('Letícia', 'Silveira', 'leticia@gmail.com', 51980002525, '19890604'),
('Pedro', 'Fernández', 'pedro@outlook.com', 51980002626, '19920911'),
('Carolina', 'Alves', 'carolina@gmail.com', 51980002727, '19861118'),
('Vinícius', 'Costa', 'vinicius@outlook.com', 51980002828, '19980325'),
('Laura', 'Santana', 'laura@gmail.com', 51980002929, '19820501'),
('Guilherme', 'Pereira', 'guilherme@outlook.com', 51980003030, '19910808'),
('Thiago', 'Lopes', 'thiago@gmail.com', 51980003131, '19940115'),
('Helena', 'Oliveira', 'helena@outlook.com', 51980003232, '19880422'),
('André', 'Martins', 'andre@gmail.com', 51980003333, '19970729'),
('Cecília', 'Pereira', 'cecilia@outlook.com', 51980003434, '19811005'),
('Felipe', 'Ferreira', 'felipe@gmail.com', 51980003535, '19901212'),
('Mariana', 'Lima', 'mariana@outlook.com', 51980003636, '19840319'),
('Rodrigo', 'Santos', 'rodrigo@gmail.com', 51980003737, '19950526'),
('Valentina', 'Cunha', 'valentina@outlook.com', 51980003838, '19890802'),
('Gustavo', 'Silva', 'gustavo@gmail.com', 51980003939, '19921109'),
('Clara', 'Nascimento', 'clara@outlook.com', 51980004040, '19860116'),
('Enzo', 'Oliveira', 'enzo@gmail.com', 51980004141, '19930423'),
('Lívia', 'Rocha', 'livia@outlook.com', 51980004242, '19870730'),
('Ricardo', 'Mendes', 'ricardo@gmail.com', 51980004343, '19961006'),
('Eduarda', 'Barbosa', 'eduarda@outlook.com', 51980004444, '19801213'),
('Nicolas', 'Rocha', 'nicolas@gmail.com', 51980004545, '19910219'),
('Sophia', 'Cardoso', 'sophia@outlook.com', 51980004646, '19850527'),
('Bruno', 'Santana', 'bruno@gmail.com', 51980004747, '19940803'),
('Amanda', 'Costa', 'amanda@outlook.com', 51980004848, '19881010'),
('Leonardo', 'Silveira', 'leonardo@gmail.com', 51980004949, '19970117'),
('Isabel', 'Pereira', 'isabel@outlook.com', 51980005050, '19810324');

INSERT INTO stores_store (id, name, cnpj, address, customer_id) VALUES
('550e8400-e29b-41d4-a716-446655440000', 'Lofus Clothes', '01.220.056/0001-58', 'Rua A, 123', 1),
('351c6e0b-4b3e-4ca8-94af-9f5e14d4f1b0', 'Mari Eletronics', '01.034.056/0001-58', 'Avenida B, 456', 10),
('450c7b32-67d7-45ad-bf27-8f1d873c22ea', 'Apf Films', '01.346.056/0001-58', 'Rua C, 789', 2),
('2512f6f4-2ccf-4b43-a4f0-6b547fd58ea9', 'Moveis atacado', '01.320.056/0001-58', 'Avenida D, 321', 7),
('ffebb5de-7030-4d77-85d0-901daed00a36', 'Mercado popular', '01.390.056/0001-58', 'Rua E, 654', 3),
('a71b4083-41a1-4b85-b5de-3c6c64b6bfb0', 'Boutique do celular', '01.230.056/0001-58', 'Avenida F, 987', 4),
('e389ea67-9933-4a13-aae2-11d317ecb53c', 'ES sports', '01.340.126/0001-58', 'Rua G, 210', 5),
('b4e28db9-8275-44d5-815c-6078a5773f3f', 'May cosmeticos', '01.340.006/0001-58', 'Avenida H, 543', 6),
('f8e7d5d0-438e-4b81-8343-5db3c8b14543', 'Livraria Ed', '01.340.088/0001-58', 'Rua I, 876', 9),
('c3fde3b7-6225-42c4-93a1-6e408f3a0b39', 'PC Games', '01.340.006/0001-58', 'Avenida J, 109', 8),
('a0a5f52b-cb0f-4e0e-84d7-df376d7b3c58', 'Tech Zone', '01.890.056/0001-58', 'Rua K, 222', 11),
('8a92cd4e-0c98-4f5f-827a-cc3edf7d94c1', 'Smart Gadgets', '01.340.234/0001-58', 'Avenida L, 555', 12),
('7f32cbac-d0e2-40e4-84ac-b39e9943c5f7', 'Super Sports', '01.007.056/0001-58', 'Rua M, 888', 13),
('c55e0141-0cb4-4d77-91c6-4a571db117f2', 'Fashion Trends', '01.560.056/0001-58', 'Avenida N, 111', 14),
('c7e3936c-2073-4f68-a32f-42d5e6bc3013', 'Electro Mundo', '01.340.345/0001-58', 'Rua O, 444', 15),
('a52b862b-b3c9-4b4d-bb54-51af9d9b1248', 'Beauty Haven', '01.340.456/0001-58', 'Avenida P, 777', 16),
('c8a9a272-48e3-44b2-b520-5a61c0949a65', 'Home Deco', '01.009.056/0001-58', 'Rua Q, 202', 17),
('cf97b716-5ac3-4ff1-8448-9f90b03674af', 'Food Emporium', '01.090.056/0001-58', 'Avenida R, 535', 18),
('963cd25d-c92b-42a3-b6a7-71d9d793c1c4', 'Pet Paradise', '01.678.056/0001-58', 'Rua S, 868', 19),
('c2b8570d-02b7-4a14-ae3a-508c2888d887', 'Book Corner', '01.340.567/0001-58', 'Avenida T, 109', 20),
('5e14f39b-7837-4b58-8d4c-7abf4d2680e6', 'Eletrônicos para Casa', '01.340.678/0001-58', 'Rua U, 252', 21),
('a0e3f2d1-94f7-4c95-bc29-5c3d107e556c', 'Moda Urbana', '01.987.056/0001-58', 'Avenida V, 585', 22),
('e893eb2e-9d24-4f11-8b65-9793a0a768df', 'Refúgio dos Games', '01.340.789/0001-58', 'Rua W, 918', 23),
('bd0815d3-3cd5-43b2-80c4-b70a5d535468', 'Canto dos Cosméticos', '01.654.056/0001-58', 'Avenida X, 141', 24),
('e41bf2f4-1cd4-4d6b-a89f-d0b8da2f4a0c', 'Mercado Orgânico', '01.340.890/0001-58', 'Rua Y, 474', 25),
('bd03c18e-8c36-4a5e-a7b0-6bf2f727cf8d', 'Canto da Tecnologia', '01.123.056/0001-58', 'Avenida Z, 707', 26),
('ad628dda-5d99-4a5f-a0a5-ef0b92c11d65', 'Zona Esportiva', '01.340.901/0001-58', 'Rua AA, 30', 27),
('f7d2c58c-9c8e-4d67-9c02-dfbf6c2149b9', 'Empório de Estilo', '01.345.056/0001-58', 'Avenida BB, 663', 28),
('b8d8eb21-3c64-4c54-ba3b-d3e5b2ea9933', 'Sabores Frescos', '01.340.012/0001-58', 'Rua CC, 996', 29),
('0c41f7ad-9aae-4e16-a036-4535e51a1447', 'Paraíso dos Pets', '01.009.056/0001-58', 'Avenida DD, 129', 30),
('22f1e80f-09f1-415e-951e-2e5a6c98a5f6', 'Loja dos Brinquedos', '01.123.123/0001-58', 'Rua EE, 363', 31),
('38767122-0d86-405d-9c17-5b4077cdd365', 'Arte em Casa', '01.567.567/0001-58', 'Avenida FF, 696', 32),
('9ef5e6e3-53a1-4d9e-a15f-167d5c02af15', 'Fitness Center', '01.888.888/0001-58', 'Rua GG, 939', 33),
('7b4c0bc5-877b-45b1-803d-c18493986553', 'Casa dos Eletrônicos', '01.999.999/0001-58', 'Avenida HH, 182', 34),
('1e5db71f-fb44-4c69-9eb3-36c17a3db71d', 'Moda Elegante', '01.111.111/0001-58', 'Rua II, 423', 35),
('d69b362a-e31f-4f2e-bb7f-07cf7c5b1da7', 'Paraíso dos Celulares', '01.222.222/0001-58', 'Avenida JJ, 764', 36),
('f300bd56-1d67-45c8-bb2e-1a5d7d6727bb', 'Casa dos Esportes', '01.333.333/0001-58', 'Rua KK, 505', 37),
('2f75a6b1-ae09-4d7a-99c1-999b35eaf719', 'Bela Cosméticos', '01.444.444/0001-58', 'Avenida LL, 846', 38),
('a2f18b5a-3464-4753-864a-6882c95249f4', 'Canto das Letras', '01.555.555/0001-58', 'Rua MM, 187', 39),
('a645d44a-c0a2-40b5-89e6-4c66c2c15e8d', 'Games Zone', '01.666.666/0001-58', 'Avenida NN, 528', 40),
('c4f4e58f-6a5a-42fe-9a48-7034a63a9a0d', 'Confeitaria Sabor', '01.777.777/0001-58', 'Rua OO, 869', 41),
('8b9dca01-7abf-4212-8627-54331e6a11bf', 'Moda Jovem', '01.888.888/0001-58', 'Avenida PP, 210', 42),
('d6d74c9d-9e3f-47a2-8b1d-47c61a9aa192', 'Tech House', '01.999.999/0001-58', 'Rua QQ, 543', 43),
('d37637a1-9406-4db4-b56c-54fb1f2b6755', 'Decoração Fina', '01.000.000/0001-58', 'Avenida RR, 876', 44),
('3a6df575-5d6b-4b8c-91a9-c36b712b575d', 'Mercado do Bairro', '01.111.111/0001-58', 'Rua SS, 109', 45),
('3f149c79-e159-4ad4-8a7c-0981ad0f2ac7', 'Tech Emporium', '01.222.222/0001-58', 'Avenida TT, 352', 46),
('c2b855c7-36f3-47d2-8bb9-e7bcebf51e01', 'Cantinho da Beleza', '01.333.333/0001-58', 'Rua UU, 693', 47),
('7f2e04de-bdfe-4185-86a5-c5a5e076072d', 'Fitness Store', '01.444.444/0001-58', 'Avenida VV, 934', 48),
('87908c12-0a8e-46d5-a14d-bc78eab37a37', 'Livros & Cia', '01.555.555/0001-58', 'Rua WW, 175', 49),
('b7170c6b-e396-4f22-a849-195282be1958', 'Tech Universe', '01.666.666/0001-58', 'Avenida XX, 516', 50);

INSERT INTO products_product (title, description, category, brand, price, stock, store_id) VALUES
('Bicicleta Voadora', 'Aventure-se pelos céus com esta incrível bicicleta voadora!', 'Lazer', 'Aerotech', 4000, 5, 'e389ea67-9933-4a13-aae2-11d317ecb53c'),
('Notebook Quantum', 'Potência quântica para suas tarefas e entretenimento!', 'Eletrônicos', 'QuantumTech', 5500, 15, 'a71b4083-41a1-4b85-b5de-3c6c64b6bfb0'),
('Kit de Maquiagem Mágica', 'Transforme-se em uma deusa com nosso kit de maquiagem mágica!', 'Cosméticos', 'Enchanté', 200, 30, 'b4e28db9-8275-44d5-815c-6078a5773f3f'),
('Sofá Cósmico', 'Relaxe em grande estilo com nosso sofá cósmico intergaláctico!', 'Móveis', 'CosmicComfort', 1800, 8, 'ffebb5de-7030-4d77-85d0-901daed00a36'),
('Romance Estelar', 'Embarque em uma jornada romântica nas estrelas com este livro encantador!', 'Livros', 'StarlitPress', 50, 25, 'f8e7d5d0-438e-4b81-8343-5db3c8b14543'),
('Mouse Stealth', 'Domine seus jogos com o mouse stealth de última geração!', 'Eletrônicos', 'StealthGamer', 120, 20, 'c3fde3b7-6225-42c4-93a1-6e408f3a0b39'),
('Guarda-roupa Encantado', 'Mantenha seu estilo mágico organizado com nosso guarda-roupa encantado!', 'Móveis', 'Enchanté', 800, 12, '2512f6f4-2ccf-4b43-a4f0-6b547fd58ea9'),
('Calça Jeans Celestial', 'Eleve seu estilo com a calça jeans inspirada nas constelações!', 'Vestuário', 'StarFashion', 120, 18, '550e8400-e29b-41d4-a716-446655440000'),
('Drone Fantasma', 'Explore horizontes assombrados com nosso drone fantasma!', 'Eletrônicos', 'SpectralDrones', 2000, 10, '450c7b32-67d7-45ad-bf27-8f1d873c22ea'),
('Scanner Arqueológico', 'Desvende segredos antigos com nosso scanner arqueológico de alta tecnologia!', 'Eletrônicos', 'ArchaeoTech', 800, 15, '351c6e0b-4b3e-4ca8-94af-9f5e14d4f1b0'),
('Óculos de Realidade Aumentada', 'Veja um mundo além do que seus olhos podem captar!', 'Eletrônicos', 'AR Vision', 700, 25, 'e389ea67-9933-4a13-aae2-11d317ecb53c'),
('Mochila Tecnológica', 'Leve seus gadgets para onde quiser com esta mochila high-tech!', 'Acessórios', 'TechPack', 150, 50, 'a71b4083-41a1-4b85-b5de-3c6c64b6bfb0'),
('Esmalte Holográfico', 'Transforme suas unhas em obras de arte holográficas!', 'Cosméticos', 'HoloNails', 20, 80, 'b4e28db9-8275-44d5-815c-6078a5773f3f'),
('Poltrona Gamer Épica', 'Entre no universo dos jogos com estilo e conforto!', 'Móveis', 'EpicGaming', 1200, 10, 'ffebb5de-7030-4d77-85d0-901daed00a36'),
('Guia de Astronomia para Iniciantes', 'Explore o cosmos com este guia fascinante!', 'Livros', 'StellarGuides', 35, 30, 'f8e7d5d0-438e-4b81-8343-5db3c8b14543'),
('Teclado Mágico Iluminado', 'Digite feitiços ou códigos com este teclado mágico!', 'Eletrônicos', 'MagicKey', 150, 20, 'c3fde3b7-6225-42c4-93a1-6e408f3a0b39'),
('Cama Suspensa nas Nuvens', 'Durma nas nuvens com esta cama mágica flutuante!', 'Móveis', 'CloudDreams', 1500, 5, '2512f6f4-2ccf-4b43-a4f0-6b547fd58ea9'),
('Vestido Estelar', 'Brilhe como as estrelas com este deslumbrante vestido!', 'Vestuário', 'StarCouture', 180, 15, '550e8400-e29b-41d4-a716-446655440000'),
('Drone Subaquático', 'Explore as profundezas do oceano com nosso drone subaquático!', 'Eletrônicos', 'AquaDrone', 1000, 8, '450c7b32-67d7-45ad-bf27-8f1d873c22ea'),
('Impressora 3D de Alimentos', 'Transforme suas receitas em obras-primas tridimensionais!', 'Eletrônicos', 'FoodPrint', 500, 12, '351c6e0b-4b3e-4ca8-94af-9f5e14d4f1b0'),
('Relógio Temporal', 'Gerencie seu tempo com este relógio capaz de dobrar as horas!', 'Acessórios', 'TimeWarp', 300, 20, 'e389ea67-9933-4a13-aae2-11d317ecb53c'),
('Óculos de Invisibilidade', 'Seja o mestre da discrição com esses óculos incríveis!', 'Acessórios', 'StealthGear', 600, 15, 'a71b4083-41a1-4b85-b5de-3c6c64b6bfb0'),
('Perfume do Espaço', 'Deixe um rastro celestial com nosso perfume intergaláctico!', 'Cosméticos', 'GalacticScent', 90, 40, 'b4e28db9-8275-44d5-815c-6078a5773f3f'),
('Cadeira de Gravidade Zero', 'Relaxe como se estivesse flutuando no espaço!', 'Móveis', 'ZeroGravity', 800, 10, 'ffebb5de-7030-4d77-85d0-901daed00a36'),
('Livro de Receitas Alienígenas', 'Descubra sabores extraterrestres com nossas receitas cósmicas!', 'Livros', 'AlienCuisine', 40, 25, 'f8e7d5d0-438e-4b81-8343-5db3c8b14543'),
('Mouse Ergonômico do Futuro', 'Conquiste o conforto supremo com nosso mouse futurista!', 'Eletrônicos', 'ErgoTech', 100, 30, 'c3fde3b7-6225-42c4-93a1-6e408f3a0b39'),
('Sofá Musical', 'Sinta a música enquanto relaxa neste sofá sinfônico!', 'Móveis', 'HarmonySeating', 1200, 8, '2512f6f4-2ccf-4b43-a4f0-6b547fd58ea9'),
('Vestido Encantado da Floresta', 'Entre no mundo mágico da natureza com este vestido encantado!', 'Vestuário', 'EnchantedForest', 150, 20, '550e8400-e29b-41d4-a716-446655440000'),
('Drone de Entrega do Futuro', 'Receba suas encomendas em segundos com nosso drone ultra-rápido!', 'Eletrônicos', 'SpeedyDrones', 1200, 5, '450c7b32-67d7-45ad-bf27-8f1d873c22ea'),
('Máquina de Teletransporte', 'Explore o mundo com nossa incrível máquina de teletransporte!', 'Eletrônicos', 'TeleportTech', 5000, 3, '351c6e0b-4b3e-4ca8-94af-9f5e14d4f1b0'),
('Luminária Estelar', 'Ilumine seu espaço com esta luminária celestial!', 'Decoração', 'StarLights', 120, 15, '550e8400-e29b-41d4-a716-446655440000'),
('Smartwatch Quantum', 'Um relógio inteligente que transcende o tempo e o espaço!', 'Acessórios', 'QuantumWear', 350, 18, 'e389ea67-9933-4a13-aae2-11d317ecb53c'),
('Kit de Cinema em Casa', 'Transforme sua sala em um verdadeiro cinema com este kit completo!', 'Eletrônicos', 'HomeCinematics', 600, 10, 'a71b4083-41a1-4b85-b5de-3c6c64b6bfb0'),
('Mesa Gamer Futurista', 'A mesa perfeita para suas maratonas de jogos intergalácticos!', 'Móveis', 'FutureGaming', 900, 7, 'ffebb5de-7030-4d77-85d0-901daed00a36'),
('Máscara de Realidade Virtual', 'Explore mundos virtuais com esta máscara de realidade virtual avançada!', 'Eletrônicos', 'VirtualMask', 200, 25, 'f8e7d5d0-438e-4b81-8343-5db3c8b14543'),
('Teclado Luminoso', 'Digite com estilo sob as estrelas com este teclado iluminado!', 'Eletrônicos', 'StarBoard', 80, 30, 'c3fde3b7-6225-42c4-93a1-6e408f3a0b39'),
('Sapato Futurista', 'Caminhe para o futuro com este sapato tecnológico de última geração!', 'Vestuário', 'TechStep', 100, 20, '2512f6f4-2ccf-4b43-a4f0-6b547fd58ea9'),
('Aparador Holográfico', 'Decore sua casa com este aparador holográfico de design exclusivo!', 'Decoração', 'HoloDecor', 400, 12, 'ffebb5de-7030-4d77-85d0-901daed00a36'),
('Perfume de Jardim Encantado', 'Sinta-se em um jardim mágico com nosso perfume encantado!', 'Cosméticos', 'EnchantedGarden', 70, 22, 'f8e7d5d0-438e-4b81-8343-5db3c8b14543'),
('Fone de Ouvido Cósmico', 'Desfrute de áudio imersivo com nosso fone de ouvido inspirado no cosmos!', 'Eletrônicos', 'CosmicSound', 150, 15, 'c3fde3b7-6225-42c4-93a1-6e408f3a0b39'),
('Câmera Espacial 360', 'Capture panoramas interplanetários com esta câmera única!', 'Eletrônicos', 'SpaceCapture', 800, 8, '351c6e0b-4b3e-4ca8-94af-9f5e14d4f1b0'),
('Auriculares do Silêncio', 'Desconecte-se do mundo com nossos auriculares de cancelamento de ruído cósmico!', 'Acessórios', 'SilenceTech', 250, 18, '550e8400-e29b-41d4-a716-446655440000'),
('Pintura Estelar', 'Adorne suas paredes com esta obra-prima que captura a essência do cosmos!', 'Decoração', 'StarCanvas', 300, 15, 'e389ea67-9933-4a13-aae2-11d317ecb53c'),
('Robô Assistente Doméstico', 'Automatize sua vida com este robô inteligente para tarefas domésticas!', 'Eletrônicos', 'HomeBot', 1200, 5, 'a71b4083-41a1-4b85-b5de-3c6c64b6bfb0'),
('Cadeira Gamer Interdimensional', 'Experimente o conforto além das dimensões com nossa cadeira gamer!', 'Móveis', 'DimensionGaming', 1000, 7, 'ffebb5de-7030-4d77-85d0-901daed00a36'),
('Vestido Holográfico', 'Deslumbre em qualquer ocasião com este vestido que reflete todas as cores!', 'Vestuário', 'HoloCouture', 180, 12, '2512f6f4-2ccf-4b43-a4f0-6b547fd58ea9'),
('Drone de Exploração Subterrânea', 'Mapeie o desconhecido com nosso drone projetado para exploração subterrânea!', 'Eletrônicos', 'SubTerraDrone', 1500, 3, 'ffebb5de-7030-4d77-85d0-901daed00a36'),-
('Mesa de Jantar Gravitacional', 'Desfrute de refeições celestiais em nossa mesa de jantar com gravidade ajustável!', 'Móveis', 'GravitaTable', 700, 9, '550e8400-e29b-41d4-a716-446655440000'),
('Relógio Lunar', 'Sincronize seu tempo com as fases da lua com nosso relógio lunar exclusivo!', 'Acessórios', 'MoonTime', 400, 10, '450c7b32-67d7-45ad-bf27-8f1d873c22ea'),
('Máscara de Beleza Galáctica', 'Revitalize sua pele com nossa máscara de beleza inspirada no espaço!', 'Cosméticos', 'GalacticGlow', 50, 25, '351c6e0b-4b3e-4ca8-94af-9f5e14d4f1b0');

INSERT INTO users_user (firstname, lastname, email, phone, birthdate, profile) VALUES
('Amanda', 'Santos', 'amanda@gmail.com', 51987766543, '19910914', 'Gerente'),
('Rafael', 'Lima', 'rafael@email.com', 51981112233, '19981227', 'Supervisor'),
('Juliana', 'Pereira', 'juliana@gmail.com', 51984455678, '19870305', 'Atendente'),
('Felipe', 'Almeida', 'felipe@outlook.com', 51989998877, '19950718', 'Coordenador'),
('Carolina', 'Silva', 'carolina@gmail.com', 51982223344, '19841130', 'Gerente'),
('Henrique', 'Mendonça', 'henrique@outlook.com', 51983334455, '19920213', 'Supervisor'),
('Mariana', 'Ferreira', 'mariana@gmail.com', 51985557788, '19890426', 'Atendente'),
('Thiago', 'Oliveira', 'thiago@outlook.com', 51989990011, '19970809', 'Coordenador'),
('Gabriela', 'Ramos', 'gabriela@gmail.com', 51987771234, '19860122', 'Gerente'),
('Leonardo', 'Costa', 'leonardo@outlook.com', 51980001122, '19940507', 'Supervisor'),
('Fernando', 'Cruz', 'fernando@gmail.com', 51982223344, '19901215', 'Atendente'),
('Priscila', 'Melo', 'priscila@outlook.com', 51983334455, '19880428', 'Coordenador'),
('Bruno', 'Araújo', 'bruno@gmail.com', 51985557788, '19960711', 'Gerente'),
('Tatiane', 'Dias', 'tatiane@outlook.com', 51989990011, '19850924', 'Supervisor'),
('Roberto', 'Sousa', 'roberto@gmail.com', 51987771234, '19930206', 'Atendente'),
('Gisele', 'Lopes', 'gisele@outlook.com', 51980001122, '19820619', 'Coordenador'),
('Luciano', 'Martins', 'luciano@gmail.com', 51982223344, '19911002', 'Gerente'),
('Aline', 'Pimentel', 'aline@outlook.com', 51983334455, '19890115', 'Supervisor'),
('Ricardo', 'Vieira', 'ricardo@gmail.com', 51985557788, '19970430', 'Atendente'),
('Patrícia', 'Nunes', 'patricia@outlook.com', 51989990011, '19860813', 'Coordenador'),
('Renan', 'Oliveira', 'renan@gmail.com', 51987771234, '19920318', 'Gerente'),
('Evelyn', 'Costa', 'evelyn@outlook.com', 51980001122, '19870527', 'Supervisor'),
('Wagner', 'Santos', 'wagner@gmail.com', 51982223344, '19950910', 'Atendente'),
('Larissa', 'Fernandes', 'larissa@outlook.com', 51983334455, '19841123', 'Coordenador'),
('Vinícius', 'Lima', 'vinicius@gmail.com', 51985557788, '19910206', 'Gerente'),
('Patrícia', 'Martins', 'patricia@outlook.com', 51989990011, '19880419', 'Supervisor'),
('Daniel', 'Melo', 'daniel@gmail.com', 51987771234, '19960702', 'Atendente'),
('Carla', 'Ribeiro', 'carla@outlook.com', 51980001122, '19850915', 'Coordenador'),
('Felipe', 'Alves', 'felipe@gmail.com', 51982223344, '19930128', 'Gerente'),
('Isabel', 'Oliveira', 'isabel@outlook.com', 51983334455, '19820411', 'Supervisor'),
('Rafael', 'Mendes', 'rafael@gmail.com', 51985557788, '19900624', 'Atendente'),
('Caroline', 'Sousa', 'caroline@outlook.com', 51989990011, '19970907', 'Coordenador'),
('Guilherme', 'Silva', 'guilherme@gmail.com', 51987771234, '19861120', 'Gerente'),
('Luciana', 'Pereira', 'luciana@outlook.com', 51980001122, '19940203', 'Supervisor'),
('Marcos', 'Rocha', 'marcos@gmail.com', 51982223344, '19890416', 'Atendente'),
('Sabrina', 'Ferreira', 'sabrina@outlook.com', 51983334455, '19950729', 'Coordenador'),
('Diego', 'Oliveira', 'diego@gmail.com', 51985557788, '19841012', 'Gerente'),
('Fernanda', 'Lima', 'fernanda@outlook.com', 51989990011, '19921225', 'Supervisor'),
('Hugo', 'Almeida', 'hugo@gmail.com', 51987771234, '19880207', 'Atendente'),
('Viviane', 'Ribeiro', 'viviane@outlook.com', 51980001122, '19960521', 'Coordenador'),
('Alexandre', 'Santos', 'alexandre@gmail.com', 51982223344, '19910914', 'Gerente'),
('Vanessa', 'Lima', 'vanessa@outlook.com', 51983334455, '19981227', 'Supervisor'),
('Fábio', 'Pereira', 'fabio@gmail.com', 51985557788, '19870305', 'Atendente'),
('Thais', 'Almeida', 'thais@outlook.com', 51989990011, '19950718', 'Coordenador'),
('Roberto', 'Silva', 'roberto@gmail.com', 51987771234, '19860122', 'Gerente'),
('Aline', 'Mendonça', 'aline@outlook.com', 51980001122, '19940507', 'Supervisor'),
('Eduardo', 'Ferreira', 'eduardo@gmail.com', 51982223344, '19901215', 'Atendente'),
('Sabrina', 'Oliveira', 'sabrina@outlook.com', 51983334455, '19880428', 'Coordenador'),
('Renato', 'Araújo', 'renato@gmail.com', 51985557788, '19960711', 'Gerente'),
('Gabriela', 'Dias', 'gabriela@outlook.com', 51989990011, '19850924', 'Supervisor');