INSERT INTO customers_customer (id, firstname, lastname, email, phone, birthdate) VALUES
('550e8400-e29b-41d4-a716-446655440001', 'João', 'Silva', 'joao@gmail.com', 51980000111, '19900515'),
('550e8400-e29b-41d4-a716-446655440002', 'Maria', 'Santos', 'maria@outlook.com', 51980000222, '19850822'),
('550e8400-e29b-41d4-a716-446655440003', 'Pedro', 'Ferreira', 'pedro@gmail.com', 51980000333, '19931210'),
('550e8400-e29b-41d4-a716-446655440004', 'Ana', 'Oliveira', 'ana@outlook.com', 51980000444, '19820405'),
('550e8400-e29b-41d4-a716-446655440005', 'Carlos', 'Rodrigues', 'carlos@gmail.com', 51980000555, '19980717'),
('550e8400-e29b-41d4-a716-446655440006', 'Julia', 'Martins', 'julia@outlook.com', 51980000666, '19951030'),
('550e8400-e29b-41d4-a716-446655440007', 'Luiz', 'Almeida', 'luiz@gmail.com', 51980000777, '19890325'),
('550e8400-e29b-41d4-a716-446655440008', 'Fernanda', 'Gomes', 'fernanda@outlook.com', 51980000888, '19870612'),
('550e8400-e29b-41d4-a716-446655440009', 'Rafael', 'Ramos', 'rafael@gmail.com', 51980000999, '19910928'),
('550e8400-e29b-41d4-a716-446655440010', 'Mariana', 'Costa', 'mariana@outlook.com', 51980001010, '19841103'),
('550e8400-e29b-41d4-a716-446655440011', 'Alice', 'Pereira', 'alice@gmail.com', 51980001111, '19920218'),
('550e8400-e29b-41d4-a716-446655440012', 'Gabriel', 'Lima', 'gabriel@outlook.com', 51980001212, '19940607'),
('550e8400-e29b-41d4-a716-446655440013', 'Isabela', 'Cunha', 'isabela@gmail.com', 51980001313, '19860914'),
('550e8400-e29b-41d4-a716-446655440014', 'Fábio', 'Mendes', 'fabio@outlook.com', 51980001414, '19971221'),
('550e8400-e29b-41d4-a716-446655440015', 'Larissa', 'Barbosa', 'larissa@gmail.com', 51980001515, '19830326'),
('550e8400-e29b-41d4-a716-446655440016', 'Lucas', 'Rocha', 'lucas@outlook.com', 51980001616, '19960502'),
('550e8400-e29b-41d4-a716-446655440017', 'Giovanna', 'Cardoso', 'giovanna@gmail.com', 51980001717, '19880809'),
('550e8400-e29b-41d4-a716-446655440018', 'Matheus', 'Nascimento', 'matheus@outlook.com', 51980001818, '19991116'),
('550e8400-e29b-41d4-a716-446655440019', 'Amanda', 'Martinez', 'amanda@gmail.com', 51980001919, '19810123'),
('550e8400-e29b-41d4-a716-446655440020', 'Diego', 'Fernandes', 'diego@outlook.com', 51980002020, '19900430'),
('550e8400-e29b-41d4-a716-446655440021', 'Camila', 'Oliveira', 'camila@gmail.com', 51980002121, '19840706'),
('550e8400-e29b-41d4-a716-446655440022', 'Raul', 'Sousa', 'raul@outlook.com', 51980002222, '19931013'),
('550e8400-e29b-41d4-a716-446655440023', 'Bianca', 'Melo', 'bianca@gmail.com', 51980002323, '19871220'),
('550e8400-e29b-41d4-a716-446655440024', 'Hugo', 'Dias', 'hugo@outlook.com', 51980002424, '19950226'),
('550e8400-e29b-41d4-a716-446655440025', 'Letícia', 'Silveira', 'leticia@gmail.com', 51980002525, '19890604'),
('550e8400-e29b-41d4-a716-446655440026', 'Pedro', 'Fernández', 'pedro@outlook.com', 51980002626, '19920911'),
('550e8400-e29b-41d4-a716-446655440027', 'Carolina', 'Alves', 'carolina@gmail.com', 51980002727, '19861118'),
('550e8400-e29b-41d4-a716-446655440028', 'Vinícius', 'Costa', 'vinicius@outlook.com', 51980002828, '19980325'),
('550e8400-e29b-41d4-a716-446655440029', 'Laura', 'Santana', 'laura@gmail.com', 51980002929, '19820501'),
('550e8400-e29b-41d4-a716-446655440030', 'Guilherme', 'Pereira', 'guilherme@outlook.com', 51980003030, '19910808'),
('550e8400-e29b-41d4-a716-446655440031', 'Thiago', 'Lopes', 'thiago@gmail.com', 51980003131, '19940115'),
('550e8400-e29b-41d4-a716-446655440032', 'Helena', 'Oliveira', 'helena@outlook.com', 51980003232, '19880422'),
('550e8400-e29b-41d4-a716-446655440033', 'André', 'Martins', 'andre@gmail.com', 51980003333, '19970729'),
('550e8400-e29b-41d4-a716-446655440034', 'Cecília', 'Pereira', 'cecilia@outlook.com', 51980003434, '19811005'),
('550e8400-e29b-41d4-a716-446655440035', 'Felipe', 'Ferreira', 'felipe@gmail.com', 51980003535, '19901212'),
('550e8400-e29b-41d4-a716-446655440036', 'Mariana', 'Lima', 'mariana@outlook.com', 51980003636, '19840319'),
('550e8400-e29b-41d4-a716-446655440037', 'Rodrigo', 'Santos', 'rodrigo@gmail.com', 51980003737, '19950526'),
('550e8400-e29b-41d4-a716-446655440038', 'Valentina', 'Cunha', 'valentina@outlook.com', 51980003838, '19890802'),
('550e8400-e29b-41d4-a716-446655440039', 'Gustavo', 'Silva', 'gustavo@gmail.com', 51980003939, '19921109'),
('550e8400-e29b-41d4-a716-446655440040', 'Clara', 'Nascimento', 'clara@outlook.com', 51980004040, '19860116'),
('550e8400-e29b-41d4-a716-446655440041', 'Enzo', 'Oliveira', 'enzo@gmail.com', 51980004141, '19930423'),
('550e8400-e29b-41d4-a716-446655440042', 'Lívia', 'Rocha', 'livia@outlook.com', 51980004242, '19870730'),
('550e8400-e29b-41d4-a716-446655440043', 'Ricardo', 'Mendes', 'ricardo@gmail.com', 51980004343, '19961006'),
('550e8400-e29b-41d4-a716-446655440044', 'Eduarda', 'Barbosa', 'eduarda@outlook.com', 51980004444, '19801213'),
('550e8400-e29b-41d4-a716-446655440045', 'Nicolas', 'Rocha', 'nicolas@gmail.com', 51980004545, '19910219'),
('550e8400-e29b-41d4-a716-446655440046', 'Sophia', 'Cardoso', 'sophia@outlook.com', 51980004646, '19850527'),
('550e8400-e29b-41d4-a716-446655440047', 'Bruno', 'Santana', 'bruno@gmail.com', 51980004747, '19940803'),
('550e8400-e29b-41d4-a716-446655440048', 'Amanda', 'Costa', 'amanda@outlook.com', 51980004848, '19881010'),
('550e8400-e29b-41d4-a716-446655440049', 'Leonardo', 'Silveira', 'leonardo@gmail.com', 51980004949, '19970117'),
('550e8400-e29b-41d4-a716-446655440050', 'Isabel', 'Pereira', 'isabel@outlook.com', 51980005050, '19810324');

INSERT INTO stores_store (id, name, cnpj, address, customer_id) VALUES
('550e8400-e29b-41d4-a716-446655440000', 'Lofus Clothes', '01.220.056/0001-58', 'Rua A, 123', 1),
('351c6e0b-4b3e-4ca8-94af-9f5e14d4f1b0', 'Mari Eletronics', '01.034.056/0001-58', 'Avenida B, 456', 10),
('450c7b32-67d7-45ad-bf27-8f1d873c22ea', 'Apf Films', '01.346.056/0001-58', 'Rua C, 789', 2),
('2512f6f4-2ccf-4b43-a4f0-6b547fd58ea9', 'Moveis atacado', '01.320.056/0001-58', 'Avenida D, 321', 7),
('ffebb5de-7030-4d77-85d0-901daed00a36', 'Mercado popular', '01.390.056/0001-58', 'Rua E, 654', 3),
('a71b4083-41a1-4b85-b5de-3c6c64b6bfb0', 'Boutique do celular', '01.230.056/0001-58', 'Avenida F, 987', 4),
('e389ea67-9933-4a13-aae2-11d317ecb53c', 'ES sports', '01.340.126/0001-58', 'Rua G, 210', 5),
('b4e28db9-8275-44d5-815c-6078a5773f3f', 'May cosmeticos', '01.340.006/0001-58', 'Avenida H, 543', 6),
('f8e7d5d0-438e-4b81-8343-5db3c8b14543', 'Livraria Ed', '01.340.088/0001-58', 'Rua I, 876', 9),
('c3fde3b7-6225-42c4-93a1-6e408f3a0b39', 'PC Games', '01.340.006/0001-58', 'Avenida J, 109', 8),
('a0a5f52b-cb0f-4e0e-84d7-df376d7b3c58', 'Tech Zone', '01.890.056/0001-58', 'Rua K, 222', 11),
('8a92cd4e-0c98-4f5f-827a-cc3edf7d94c1', 'Smart Gadgets', '01.340.234/0001-58', 'Avenida L, 555', 12),
('7f32cbac-d0e2-40e4-84ac-b39e9943c5f7', 'Super Sports', '01.007.056/0001-58', 'Rua M, 888', 13),
('c55e0141-0cb4-4d77-91c6-4a571db117f2', 'Fashion Trends', '01.560.056/0001-58', 'Avenida N, 111', 14),
('c7e3936c-2073-4f68-a32f-42d5e6bc3013', 'Electro Mundo', '01.340.345/0001-58', 'Rua O, 444', 15),
('a52b862b-b3c9-4b4d-bb54-51af9d9b1248', 'Beauty Haven', '01.340.456/0001-58', 'Avenida P, 777', 16),
('c8a9a272-48e3-44b2-b520-5a61c0949a65', 'Home Deco', '01.009.056/0001-58', 'Rua Q, 202', 17),
('cf97b716-5ac3-4ff1-8448-9f90b03674af', 'Food Emporium', '01.090.056/0001-58', 'Avenida R, 535', 18),
('963cd25d-c92b-42a3-b6a7-71d9d793c1c4', 'Pet Paradise', '01.678.056/0001-58', 'Rua S, 868', 19),
('c2b8570d-02b7-4a14-ae3a-508c2888d887', 'Book Corner', '01.340.567/0001-58', 'Avenida T, 109', 20),
('5e14f39b-7837-4b58-8d4c-7abf4d2680e6', 'Eletrônicos para Casa', '01.340.678/0001-58', 'Rua U, 252', 21),
('a0e3f2d1-94f7-4c95-bc29-5c3d107e556c', 'Moda Urbana', '01.987.056/0001-58', 'Avenida V, 585', 22),
('e893eb2e-9d24-4f11-8b65-9793a0a768df', 'Refúgio dos Games', '01.340.789/0001-58', 'Rua W, 918', 23),
('bd0815d3-3cd5-43b2-80c4-b70a5d535468', 'Canto dos Cosméticos', '01.654.056/0001-58', 'Avenida X, 141', 24),
('e41bf2f4-1cd4-4d6b-a89f-d0b8da2f4a0c', 'Mercado Orgânico', '01.340.890/0001-58', 'Rua Y, 474', 25),
('bd03c18e-8c36-4a5e-a7b0-6bf2f727cf8d', 'Canto da Tecnologia', '01.123.056/0001-58', 'Avenida Z, 707', 26),
('ad628dda-5d99-4a5f-a0a5-ef0b92c11d65', 'Zona Esportiva', '01.340.901/0001-58', 'Rua AA, 30', 27),
('f7d2c58c-9c8e-4d67-9c02-dfbf6c2149b9', 'Empório de Estilo', '01.345.056/0001-58', 'Avenida BB, 663', 28),
('b8d8eb21-3c64-4c54-ba3b-d3e5b2ea9933', 'Sabores Frescos', '01.340.012/0001-58', 'Rua CC, 996', 29),
('0c41f7ad-9aae-4e16-a036-4535e51a1447', 'Paraíso dos Pets', '01.009.056/0001-58', 'Avenida DD, 129', 30),
('22f1e80f-09f1-415e-951e-2e5a6c98a5f6', 'Loja dos Brinquedos', '01.123.123/0001-58', 'Rua EE, 363', 31),
('38767122-0d86-405d-9c17-5b4077cdd365', 'Arte em Casa', '01.567.567/0001-58', 'Avenida FF, 696', 32),
('9ef5e6e3-53a1-4d9e-a15f-167d5c02af15', 'Fitness Center', '01.888.888/0001-58', 'Rua GG, 939', 33),
('7b4c0bc5-877b-45b1-803d-c18493986553', 'Casa dos Eletrônicos', '01.999.999/0001-58', 'Avenida HH, 182', 34),
('1e5db71f-fb44-4c69-9eb3-36c17a3db71d', 'Moda Elegante', '01.111.111/0001-58', 'Rua II, 423', 35),
('d69b362a-e31f-4f2e-bb7f-07cf7c5b1da7', 'Paraíso dos Celulares', '01.222.222/0001-58', 'Avenida JJ, 764', 36),
('f300bd56-1d67-45c8-bb2e-1a5d7d6727bb', 'Casa dos Esportes', '01.333.333/0001-58', 'Rua KK, 505', 37),
('2f75a6b1-ae09-4d7a-99c1-999b35eaf719', 'Bela Cosméticos', '01.444.444/0001-58', 'Avenida LL, 846', 38),
('a2f18b5a-3464-4753-864a-6882c95249f4', 'Canto das Letras', '01.555.555/0001-58', 'Rua MM, 187', 39),
('a645d44a-c0a2-40b5-89e6-4c66c2c15e8d', 'Games Zone', '01.666.666/0001-58', 'Avenida NN, 528', 40),
('c4f4e58f-6a5a-42fe-9a48-7034a63a9a0d', 'Confeitaria Sabor', '01.777.777/0001-58', 'Rua OO, 869', 41),
('8b9dca01-7abf-4212-8627-54331e6a11bf', 'Moda Jovem', '01.888.888/0001-58', 'Avenida PP, 210', 42),
('d6d74c9d-9e3f-47a2-8b1d-47c61a9aa192', 'Tech House', '01.999.999/0001-58', 'Rua QQ, 543', 43),
('d37637a1-9406-4db4-b56c-54fb1f2b6755', 'Decoração Fina', '01.000.000/0001-58', 'Avenida RR, 876', 44),
('3a6df575-5d6b-4b8c-91a9-c36b712b575d', 'Mercado do Bairro', '01.111.111/0001-58', 'Rua SS, 109', 45),
('3f149c79-e159-4ad4-8a7c-0981ad0f2ac7', 'Tech Emporium', '01.222.222/0001-58', 'Avenida TT, 352', 46),
('c2b855c7-36f3-47d2-8bb9-e7bcebf51e01', 'Cantinho da Beleza', '01.333.333/0001-58', 'Rua UU, 693', 47),
('7f2e04de-bdfe-4185-86a5-c5a5e076072d', 'Fitness Store', '01.444.444/0001-58', 'Avenida VV, 934', 48),
('87908c12-0a8e-46d5-a14d-bc78eab37a37', 'Livros & Cia', '01.555.555/0001-58', 'Rua WW, 175', 49),
('b7170c6b-e396-4f22-a849-195282be1958', 'Tech Universe', '01.666.666/0001-58', 'Avenida XX, 516', 50);

INSERT INTO products_product (id, title, description, category, brand, price, stock, store_id) VALUES
('550e8400-8d8d-41d4-9v6y-123456781001', 'Bicicleta Voadora', 'Aventure-se pelos céus com esta incrível bicicleta voadora!', 'Lazer', 'Aerotech', 4000, 5, 'e389ea67-9933-4a13-aae2-11d317ecb53c'),
('550e8400-8d8d-41d4-9v6y-123456781002', 'Notebook Quantum', 'Potência quântica para suas tarefas e entretenimento!', 'Eletrônicos', 'QuantumTech', 5500, 15, 'a71b4083-41a1-4b85-b5de-3c6c64b6bfb0'),
('550e8400-8d8d-41d4-9v6y-123456781003', 'Kit de Maquiagem Mágica', 'Transforme-se em uma deusa com nosso kit de maquiagem mágica!', 'Cosméticos', 'Enchanté', 200, 30, 'b4e28db9-8275-44d5-815c-6078a5773f3f'),
('550e8400-8d8d-41d4-9v6y-123456781004', 'Sofá Cósmico', 'Relaxe em grande estilo com nosso sofá cósmico intergaláctico!', 'Móveis', 'CosmicComfort', 1800, 8, 'ffebb5de-7030-4d77-85d0-901daed00a36'),
('550e8400-8d8d-41d4-9v6y-123456781005', 'Romance Estelar', 'Embarque em uma jornada romântica nas estrelas com este livro encantador!', 'Livros', 'StarlitPress', 50, 25, 'f8e7d5d0-438e-4b81-8343-5db3c8b14543'),
('550e8400-8d8d-41d4-9v6y-123456781006', 'Mouse Stealth', 'Domine seus jogos com o mouse stealth de última geração!', 'Eletrônicos', 'StealthGamer', 120, 20, 'c3fde3b7-6225-42c4-93a1-6e408f3a0b39'),
('550e8400-8d8d-41d4-9v6y-123456781007', 'Guarda-roupa Encantado', 'Mantenha seu estilo mágico organizado com nosso guarda-roupa encantado!', 'Móveis', 'Enchanté', 800, 12, '2512f6f4-2ccf-4b43-a4f0-6b547fd58ea9'),
('550e8400-8d8d-41d4-9v6y-123456781008', 'Calça Jeans Celestial', 'Eleve seu estilo com a calça jeans inspirada nas constelações!', 'Vestuário', 'StarFashion', 120, 18, '550e8400-8d8d-41d4-9v6y-123456780000'),
('550e8400-8d8d-41d4-9v6y-123456781009', 'Drone Fantasma', 'Explore horizontes assombrados com nosso drone fantasma!', 'Eletrônicos', 'SpectralDrones', 2000, 10, '450c7b32-67d7-45ad-bf27-8f1d873c22ea'),
('550e8400-8d8d-41d4-9v6y-123456781010', 'Scanner Arqueológico', 'Desvende segredos antigos com nosso scanner arqueológico de alta tecnologia!', 'Eletrônicos', 'ArchaeoTech', 800, 15, '351c6e0b-4b3e-4ca8-94af-9f5e14d4f1b0'),
('550e8400-8d8d-41d4-9v6y-123456781011', 'Óculos de Realidade Aumentada', 'Veja um mundo além do que seus olhos podem captar!', 'Eletrônicos', 'AR Vision', 700, 25, 'e389ea67-9933-4a13-aae2-11d317ecb53c'),
('550e8400-8d8d-41d4-9v6y-123456781012', 'Mochila Tecnológica', 'Leve seus gadgets para onde quiser com esta mochila high-tech!', 'Acessórios', 'TechPack', 150, 50, 'a71b4083-41a1-4b85-b5de-3c6c64b6bfb0'),
('550e8400-8d8d-41d4-9v6y-123456781013', 'Esmalte Holográfico', 'Transforme suas unhas em obras de arte holográficas!', 'Cosméticos', 'HoloNails', 20, 80, 'b4e28db9-8275-44d5-815c-6078a5773f3f'),
('550e8400-8d8d-41d4-9v6y-123456781014', 'Poltrona Gamer Épica', 'Entre no universo dos jogos com estilo e conforto!', 'Móveis', 'EpicGaming', 1200, 10, 'ffebb5de-7030-4d77-85d0-901daed00a36'),
('550e8400-8d8d-41d4-9v6y-123456781015', 'Guia de Astronomia para Iniciantes', 'Explore o cosmos com este guia fascinante!', 'Livros', 'StellarGuides', 35, 30, 'f8e7d5d0-438e-4b81-8343-5db3c8b14543'),
('550e8400-8d8d-41d4-9v6y-123456781016', 'Teclado Mágico Iluminado', 'Digite feitiços ou códigos com este teclado mágico!', 'Eletrônicos', 'MagicKey', 150, 20, 'c3fde3b7-6225-42c4-93a1-6e408f3a0b39'),
('550e8400-8d8d-41d4-9v6y-123456781017', 'Cama Suspensa nas Nuvens', 'Durma nas nuvens com esta cama mágica flutuante!', 'Móveis', 'CloudDreams', 1500, 5, '2512f6f4-2ccf-4b43-a4f0-6b547fd58ea9'),
('550e8400-8d8d-41d4-9v6y-123456781018', 'Vestido Estelar', 'Brilhe como as estrelas com este deslumbrante vestido!', 'Vestuário', 'StarCouture', 180, 15, '550e8400-8d8d-41d4-9v6y-123456780000'),
('550e8400-8d8d-41d4-9v6y-123456781019', 'Drone Subaquático', 'Explore as profundezas do oceano com nosso drone subaquático!', 'Eletrônicos', 'AquaDrone', 1000, 8, '450c7b32-67d7-45ad-bf27-8f1d873c22ea'),
('550e8400-8d8d-41d4-9v6y-123456781020', 'Impressora 3D de Alimentos', 'Transforme suas receitas em obras-primas tridimensionais!', 'Eletrônicos', 'FoodPrint', 500, 12, '351c6e0b-4b3e-4ca8-94af-9f5e14d4f1b0'),
('550e8400-8d8d-41d4-9v6y-123456781021', 'Relógio Temporal', 'Gerencie seu tempo com este relógio capaz de dobrar as horas!', 'Acessórios', 'TimeWarp', 300, 20, 'e389ea67-9933-4a13-aae2-11d317ecb53c'),
('550e8400-8d8d-41d4-9v6y-123456781022', 'Óculos de Invisibilidade', 'Seja o mestre da discrição com esses óculos incríveis!', 'Acessórios', 'StealthGear', 600, 15, 'a71b4083-41a1-4b85-b5de-3c6c64b6bfb0'),
('550e8400-8d8d-41d4-9v6y-123456781023', 'Perfume do Espaço', 'Deixe um rastro celestial com nosso perfume intergaláctico!', 'Cosméticos', 'GalacticScent', 90, 40, 'b4e28db9-8275-44d5-815c-6078a5773f3f'),
('550e8400-8d8d-41d4-9v6y-123456781024', 'Cadeira de Gravidade Zero', 'Relaxe como se estivesse flutuando no espaço!', 'Móveis', 'ZeroGravity', 800, 10, 'ffebb5de-7030-4d77-85d0-901daed00a36'),
('550e8400-8d8d-41d4-9v6y-123456781025', 'Livro de Receitas Alienígenas', 'Descubra sabores extraterrestres com nossas receitas cósmicas!', 'Livros', 'AlienCuisine', 40, 25, 'f8e7d5d0-438e-4b81-8343-5db3c8b14543'),
('550e8400-8d8d-41d4-9v6y-123456781026', 'Mouse Ergonômico do Futuro', 'Conquiste o conforto supremo com nosso mouse futurista!', 'Eletrônicos', 'ErgoTech', 100, 30, 'c3fde3b7-6225-42c4-93a1-6e408f3a0b39'),
('550e8400-8d8d-41d4-9v6y-123456781027', 'Sofá Musical', 'Sinta a música enquanto relaxa neste sofá sinfônico!', 'Móveis', 'HarmonySeating', 1200, 8, '2512f6f4-2ccf-4b43-a4f0-6b547fd58ea9'),
('550e8400-8d8d-41d4-9v6y-123456781028', 'Vestido Encantado da Floresta', 'Entre no mundo mágico da natureza com este vestido encantado!', 'Vestuário', 'EnchantedForest', 150, 20, '550e8400-8d8d-41d4-9v6y-123456780000'),
('550e8400-8d8d-41d4-9v6y-123456781029', 'Drone de Entrega do Futuro', 'Receba suas encomendas em segundos com nosso drone ultra-rápido!', 'Eletrônicos', 'SpeedyDrones', 1200, 5, '450c7b32-67d7-45ad-bf27-8f1d873c22ea'),
('550e8400-8d8d-41d4-9v6y-123456781030', 'Máquina de Teletransporte', 'Explore o mundo com nossa incrível máquina de teletransporte!', 'Eletrônicos', 'TeleportTech', 5000, 3, '351c6e0b-4b3e-4ca8-94af-9f5e14d4f1b0'),
('550e8400-8d8d-41d4-9v6y-123456781031', 'Luminária Estelar', 'Ilumine seu espaço com esta luminária celestial!', 'Decoração', 'StarLights', 120, 15, '550e8400-8d8d-41d4-9v6y-123456780000'),
('550e8400-8d8d-41d4-9v6y-123456781032', 'Smartwatch Quantum', 'Um relógio inteligente que transcende o tempo e o espaço!', 'Acessórios', 'QuantumWear', 350, 18, 'e389ea67-9933-4a13-aae2-11d317ecb53c'),
('550e8400-8d8d-41d4-9v6y-123456781033', 'Kit de Cinema em Casa', 'Transforme sua sala em um verdadeiro cinema com este kit completo!', 'Eletrônicos', 'HomeCinematics', 600, 10, 'a71b4083-41a1-4b85-b5de-3c6c64b6bfb0'),
('550e8400-8d8d-41d4-9v6y-123456781034', 'Mesa Gamer Futurista', 'A mesa perfeita para suas maratonas de jogos intergalácticos!', 'Móveis', 'FutureGaming', 900, 7, 'ffebb5de-7030-4d77-85d0-901daed00a36'),
('550e8400-8d8d-41d4-9v6y-123456781035', 'Mesa Gamer Futurista', 'A mesa perfeita para suas maratonas de jogos intergalácticos!', 'Móveis', 'FutureGaming', 900, 7, 'ffebb5de-7030-4d77-85d0-901daed00a36'),
('550e8400-8d8d-41d4-9v6y-123456781036', 'Máscara de Realidade Virtual', 'Explore mundos virtuais com esta máscara de realidade virtual avançada!', 'Eletrônicos', 'VirtualMask', 200, 25, 'f8e7d5d0-438e-4b81-8343-5db3c8b14543'),
('550e8400-8d8d-41d4-9v6y-123456781037', 'Teclado Luminoso', 'Digite com estilo sob as estrelas com este teclado iluminado!', 'Eletrônicos', 'StarBoard', 80, 30, 'c3fde3b7-6225-42c4-93a1-6e408f3a0b39'),
('550e8400-8d8d-41d4-9v6y-123456781038', 'Sapato Futurista', 'Caminhe para o futuro com este sapato tecnológico de última geração!', 'Vestuário', 'TechStep', 100, 20, '2512f6f4-2ccf-4b43-a4f0-6b547fd58ea9'),
('550e8400-8d8d-41d4-9v6y-123456781039', 'Aparador Holográfico', 'Decore sua casa com este aparador holográfico de design exclusivo!', 'Decoração', 'HoloDecor', 400, 12, 'ffebb5de-7030-4d77-85d0-901daed00a36'),
('550e8400-8d8d-41d4-9v6y-123456781040', 'Perfume de Jardim Encantado', 'Sinta-se em um jardim mágico com nosso perfume encantado!', 'Cosméticos', 'EnchantedGarden', 70, 22, 'f8e7d5d0-438e-4b81-8343-5db3c8b14543'),
('550e8400-8d8d-41d4-9v6y-123456781041', 'Fone de Ouvido Cósmico', 'Desfrute de áudio imersivo com nosso fone de ouvido inspirado no cosmos!', 'Eletrônicos', 'CosmicSound', 150, 15, 'c3fde3b7-6225-42c4-93a1-6e408f3a0b39'),
('550e8400-8d8d-41d4-9v6y-123456781042', 'Câmera Espacial 360', 'Capture panoramas interplanetários com esta câmera única!', 'Eletrônicos', 'SpaceCapture', 800, 8, '351c6e0b-4b3e-4ca8-94af-9f5e14d4f1b0'),
('550e8400-8d8d-41d4-9v6y-123456781043', 'Auriculares do Silêncio', 'Desconecte-se do mundo com nossos auriculares de cancelamento de ruído cósmico!', 'Acessórios', 'SilenceTech', 250, 18, '550e8400-8d8d-41d4-9v6y-123456781000'),
('550e8400-8d8d-41d4-9v6y-123456781044', 'Pintura Estelar', 'Adorne suas paredes com esta obra-prima que captura a essência do cosmos!', 'Decoração', 'StarCanvas', 300, 15, 'e389ea67-9933-4a13-aae2-11d317ecb53c'),
('550e8400-8d8d-41d4-9v6y-123456781045', 'Robô Assistente Doméstico', 'Automatize sua vida com este robô inteligente para tarefas domésticas!', 'Eletrônicos', 'HomeBot', 1200, 5, 'a71b4083-41a1-4b85-b5de-3c6c64b6bfb0'),
('550e8400-8d8d-41d4-9v6y-123456781046', 'Cadeira Gamer Interdimensional', 'Experimente o conforto além das dimensões com nossa cadeira gamer!', 'Móveis', 'DimensionGaming', 1000, 7, 'ffebb5de-7030-4d77-85d0-901daed00a36'),
('550e8400-8d8d-41d4-9v6y-123456781047', 'Vestido Holográfico', 'Deslumbre em qualquer ocasião com este vestido que reflete todas as cores!', 'Vestuário', 'HoloCouture', 180, 12, '2512f6f4-2ccf-4b43-a4f0-6b547fd58ea9'),
('550e8400-8d8d-41d4-9v6y-123456781048', 'Drone de Exploração Subterrânea', 'Mapeie o desconhecido com nosso drone projetado para exploração subterrânea!', 'Eletrônicos', 'SubTerraDrone', 1500, 3, 'ffebb5de-7030-4d77-85d0-901daed00a36'),
('550e8400-8d8d-41d4-9v6y-123456781049', 'Mesa de Jantar Gravitacional', 'Desfrute de refeições celestiais em nossa mesa de jantar com gravidade ajustável!', 'Móveis', 'GravitaTable', 700, 9, '550e8400-8d8d-41d4-9v6y-123456781000'),
('550e8400-8d8d-41d4-9v6y-123456781050', 'Relógio Lunar', 'Sincronize seu tempo com as fases da lua com nosso relógio lunar exclusivo!', 'Acessórios', 'MoonTime', 400, 10, '450c7b32-67d7-45ad-bf27-8f1d873c22ea'),
('550e8400-8d8d-41d4-9v6y-123456781051', 'Máscara de Beleza Galáctica', 'Revitalize sua pele com nossa máscara de beleza inspirada no espaço!', 'Cosméticos', 'GalacticGlow', 50, 25, '351c6e0b-4b3e-4ca8-94af-9f5e14d4f1b0');

INSERT INTO users_user (id, firstname, lastname, email, phone, birthdate, profile) VALUES
('3f7fcbf2-85d2-4a02-99a5-0f351120a49b', 'Amanda', 'Santos', 'amanda@gmail.com', '51987766543', '19910914', 'Gerente'),
('01cb857b-5da2-4e5e-bca3-042735a549cf', 'Rafael', 'Lima', 'rafael@email.com', '51981112233', '19981227', 'Supervisor'),
('f60c8d79-96a7-47b1-918e-120f0cefc8c8', 'Juliana', 'Pereira', 'juliana@gmail.com', '51984455678', '19870305', 'Atendente'),
('f51b3b0f-d32d-4e9d-a27f-7f83c65007b7', 'Felipe', 'Almeida', 'felipe@outlook.com', '51989998877', '19950718', 'Coordenador'),
('c2e8a331-8f02-4f1b-b1b3-0463e0eb1f2f', 'Carolina', 'Silva', 'carolina@gmail.com', '51982223344', '19841130', 'Gerente'),
('de5bd46c-d95f-4cfb-a35c-50a93e1a76d0', 'Henrique', 'Mendonça', 'henrique@outlook.com', '51983334455', '19920213', 'Supervisor'),
('e5468b6a-4883-403d-8f5c-244e4e6618f2', 'Mariana', 'Ferreira', 'mariana@gmail.com', '51985557788', '19890426', 'Atendente'),
('93b4c1fc-f732-482f-a69f-848f0e3d3d3f', 'Thiago', 'Oliveira', 'thiago@outlook.com', '51989990011', '19970809', 'Coordenador'),
('5706d79d-8c5b-4a8f-baa5-b7d3e8c7bb17', 'Gabriela', 'Ramos', 'gabriela@gmail.com', '51987771234', '19860122', 'Gerente'),
('50f3adfd-566a-499f-8bce-02fde6c158b4', 'Leonardo', 'Costa', 'leonardo@outlook.com', '51980001122', '19940507', 'Supervisor'),
('f042a160-6076-42ec-a513-90c4f8c20b77', 'Fernando', 'Cruz', 'fernando@gmail.com', '51982223344', '19901215', 'Atendente'),
('1f0cfe5e-f7d5-45ae-ba99-779c2586f59c', 'Priscila', 'Melo', 'priscila@outlook.com', '51983334455', '19880428', 'Coordenador'),
('c2b48c72-dccc-4671-991b-1c53d7e82819', 'Bruno', 'Araújo', 'bruno@gmail.com', '51985557788', '19960711', 'Gerente'),
('5665d2a6-9156-497c-90a1-3ee60721e7e9', 'Tatiane', 'Dias', 'tatiane@outlook.com', '51989990011', '19850924', 'Supervisor'),
('c733fc2d-27d7-4a7e-a99e-48ec1254e4a0', 'Roberto', 'Sousa', 'roberto@gmail.com', '51987771234', '19930226', 'Atendente'),
('eb950173-fd9a-4bb7-978c-2490d36d905f', 'Gisele', 'Lopes', 'gisele@outlook.com', '51980001122', '19820619', 'Coordenador'),
('bfabf9e8-f4ef-45c3-bae4-3a302dda4f50', 'Luciano', 'Martins', 'luciano@gmail.com', '51982223344', '19911002', 'Gerente'),
('efb983f0-33e3-45f8-835d-4a94f2c1a2f2', 'Aline', 'Pimentel', 'aline@outlook.com', '51983334455', '19890115', 'Supervisor'),
('96d73677-613f-4f1b-9f2f-30ac6f554fcf', 'Ricardo', 'Vieira', 'ricardo@gmail.com', '51985557788', '19970430', 'Atendente'),
('a2e4a3bb-988c-4b8e-901b-424e3ba21d6b', 'Patrícia', 'Nunes', 'patricia@outlook.com', '51989990011', '19860813', 'Coordenador'),
('dd31cb8a-cd22-48b1-9a65-1a1d65b1db43', 'Renan', 'Oliveira', 'renan@gmail.com', '51987771234', '19920318', 'Gerente'),
('d1583e24-0ce9-4bd7-b0dd-c3d1d2d52d3b', 'Evelyn', 'Costa', 'evelyn@outlook.com', '51980001122', '19870527', 'Supervisor'),
('a19c3e56-24bf-4ddc-b89b-f647aa751f6e', 'Wagner', 'Santos', 'wagner@gmail.com', '519509010', '19950910', 'Atendente'),
('5f02d207-0a25-4a38-84e7-ef9513212b9d', 'Larissa', 'Fernandes', 'larissa@outlook.com', '51983334455', '19841123', 'Coordenador'),
('d3bb198b-1cf1-4f9e-943c-6f3ad40ecf4f', 'Vinícius', 'Lima', 'vinicius@gmail.com', '51910206', '19910206', 'Gerente'),
('abbdfe3f-d58c-45ef-9d29-5a011ee2b12d', 'Patrícia', 'Martins', 'patricia@outlook.com', '51989990011', '19880419', 'Supervisor'),
('8a6f7c29-2e6f-49f5-83dd-9636a63a8fb3', 'Daniel', 'Melo', 'daniel@gmail.com', '51987771234', '19960702', 'Atendente'),
('bb875902-4c56-4f1b-8b58-e245571a84d8', 'Carla', 'Ribeiro', 'carla@outlook.com', '519850915', '19850915', 'Coordenador'),
('7ec63226-5be5-4a56-bd67-5c6b1170f949', 'Felipe', 'Alves', 'felipe@gmail.com', '51982223344', '19930128', 'Gerente'),
('8f0c157b-6e6a-4f38-bcc3-62c1ed3d8c4d', 'Isabel', 'Oliveira', 'isabel@outlook.com', '519820411', '19820411', 'Supervisor'),
('f59c9d20-9bc6-4c63-9d12-9e1365ac0bc4', 'Rafael', 'Mendes', 'rafael@gmail.com', '51900624', '19900624', 'Atendente'),
('531db4eb-9bd2-494d-bf97-f9e54fb184da', 'Caroline', 'Sousa', 'caroline@outlook.com', '51970907', '19970907', 'Coordenador'),
('9f13a938-17a7-4ef3-b16c-2f5fbf408fc7', 'Guilherme', 'Silva', 'guilherme@gmail.com', '519861120', '19861120', 'Gerente'),
('a7f76976-69a5-48ec-b5e2-d4a8bf4400c0', 'Luciana', 'Pereira', 'luciana@outlook.com', '519940203', '19940203', 'Supervisor'),
('282d7c6e-8203-49a3-8d49-eb4820f90094', 'Marcos', 'Rocha', 'marcos@gmail.com', '51980916', '19890416', 'Atendente'),
('27ab6d62-5b1b-4151-a8df-4a7f29558a11', 'Sabrina', 'Ferreira', 'sabrina@outlook.com', '51950729', '19950729', 'Coordenador'),
('c96a98e1-12f8-4ff5-a18f-f5c24f0deab1', 'Diego', 'Oliveira', 'diego@gmail.com', '51941012', '19841012', 'Gerente'),
('af1520b2-62f5-4ac1-9c45-4660590ad19c', 'Fernanda', 'Lima', 'fernanda@outlook.com', '51921225', '19921225', 'Supervisor'),
('a4e9c396-6b83-4f21-a1c7-4784712ea011', 'Hugo', 'Almeida', 'hugo@gmail.com', '51980207', '19880207', 'Atendente'),
('d4b642d0-8926-428a-99ce-f539e94fb9b1', 'Viviane', 'Ribeiro', 'viviane@outlook.com', '51960521', '19960521', 'Coordenador'),
('19a1d546-d7b7-4b82-86a5-2a1f6a07b0b5', 'Alexandre', 'Santos', 'alexandre@gmail.com', '51910914', 'Gerente'),
('50ab5222-12f0-4b92-a996-9a6a7b1a2491', 'Vanessa', 'Lima', 'vanessa@outlook.com', '51983334455', '19981227', 'Supervisor'),
('550e8400-8d8d-41d4-a716-123456781036', 'Fábio', 'Pereira', 'fabio@gmail.com', '51985557788', '19870305', 'Atendente'),
('550e8400-8d8d-41d4-a716-123456781037', 'Thais', 'Almeida', 'thais@outlook.com', '51989990011', '19950718', 'Coordenador'),
('550e8400-8d8d-41d4-a716-123456781038', 'Roberto', 'Silva', 'roberto@gmail.com', '51987771234', '19860122', 'Gerente'),
('550e8400-8d8d-41d4-a716-123456781039', 'Aline', 'Mendonça', 'aline@outlook.com', '51980001122', '19940507', 'Supervisor'),
('550e8400-8d8d-41d4-a716-123456781040', 'Eduardo', 'Ferreira', 'eduardo@gmail.com', '51982223344', '19901215', 'Atendente'),
('550e8400-8d8d-41d4-a716-123456781041', 'Sabrina', 'Oliveira', 'sabrina@outlook.com', '51983334455', '19880428', 'Coordenador'),
('550e8400-8d8d-41d4-a716-123456781042', 'Renato', 'Araújo', 'renato@gmail.com', '51985557788', '19960711', 'Gerente'),
('550e8400-8d8d-41d4-a716-123456781043', 'Gabriela', 'Dias', 'gabriela@outlook.com', '51989990011', '19850924', 'Supervisor');